{
  "best_epoch": 260,
  "best_metrics": {
    "epoch": 260,
    "train_loss": 0.2103084533365657,
    "val_loss": 0.34372520735700623,
    "exact_acc": 0.4946564885496183,
    "bit_acc": 0.9339149400218103,
    "hamming_loss": 0.0660850599781897,
    "precision": 0.4001318391562294,
    "recall": 0.6677667766776678,
    "f1": 0.5004122011541633,
    "pred_positive_rate": 0.0827153762268266,
    "true_positive_rate": 0.049563794983642315
  },
  "active_outputs": 14,
  "total_outputs": 15
}